{
  "customMessageBackgroundColor": "#e6e5ec",
  "sentMessageBackgroundColor": "#5c5aa7",
  "receivedMessageBackgroundColor": "#e6e5ec",
  "sendButtonBackgroundColor": "#5c5aa7",
  "sentMessageCreatedAtTimeColor": "",
  "receivedMessageCreatedAtTimeColor": "",
  "attachmentIconsBackgroundColor": "#FF03A9F4",
  "channelCustomMessageBgColor": "#cccccc",
  "sentContactMessageTextColor:": "#5fba7d",
  "chatBackgroundColorOrDrawable": "#FFFFFF",
  "receivedContactMessageTextColor": "#646262",
  "messageStatusIconColor": "#5c5aa7",
  "sentMessageTextColor": "#FFFFFFFF",
  "receivedMessageTextColor": "#646262",
  "messageEditTextTextColor": "#000000",
  "sentMessageLinkTextColor": "#FFFFFFFF",
  "receivedMessageLinkTextColor": "#5fba7d",
  "messageEditTextHintTextColor": "#bdbdbd",
  "noConversationLabelTextColor": "#000000",
  "conversationDateTextColor": "#333333",
  "conversationDayTextColor": "#333333",
  "messageTimeTextColor": "#ede6e6",
  "channelCustomMessageTextColor": "#666666",
  "sentMessageBorderColor": "#5c5aa7",
  "receivedMessageBorderColor": "#e6e5ec",
  "channelCustomMessageBorderColor": "#cccccc",
  "collapsingToolbarLayoutColor": "#5c5aa7",
  "groupParticipantsTextColor": "#5c5aa7",
  "groupDeleteButtonBackgroundColor": "#5c5aa7",
  "groupExitButtonBackgroundColor": "#5c5aa7",
  "adminTextColor": "#5c5aa7",
  "attachCameraIconName": "applozic_ic_action_camera_new",
  "adminBackgroundColor": "#FFFFFFFF",
  "adminBorderColor": "#5c5aa7",
  "userNotAbleToChatTextColor": "#000000",
  "audioPermissionNotFoundMsg": "",
  "showStartNewConversation": true,
  "noConversationLabel": "You have no conversations",
  "noSearchFoundForChatMessages": "No conversation found",
  "totalRegisteredUserToFetch": 100,
  "maxAttachmentAllowed": 10,
  "maxAttachmentSizeAllowed": 30,
  "totalOnlineUsers": 0,
  "defaultGroupType": 2,
  "conversationContactImageVisibility": false,
  "locationShareViaMap": true,
  "startNewFloatingButton": false,
  "startNewButton": false,
  "onlineStatusMasterList": true,
  "imageCompression": false,
  "profileLogoutButton": false,
  "userProfileFragment": true,
  "messageSearchOption": false,
  "hideGroupAddMembersButton": false,
  "hideGroupNameUpdateButton": false,
  "hideGroupExitButton": false,
  "hideGroupRemoveMemberOption": false,
  "profileOption": false,
  "broadcastOption": false,
  "restrictedWordMessage": " Please don't use restricted word",
  "restrictedWordRegex": "",
  "hideAttachmentButton": false,
  "groupUsersOnlineStatus": false,
  "launchChatFromProfilePicOrName": false,
  "enableShareConversation": false,
  "refreshOption": false,
  "deleteOption": false,
  "blockOption": true,
  "muteOption": true,
  "muteUserChatOption": true,
  "replyOption": false,
  "logoutOption": true,
  "isAgentApp": false,
  "logoutPackageName": "kommunicate.io.sample.MainActivity",
  "enableAwayMessage": true,
  "awayMessageTextColor": "#A9A4A4",
  "hideGroupSubtitle": false,
  "toolbarTitleColor": "#ffffff",
  "toolbarSubtitleColor": "#ffffff",
  "toolbarColor": "",
  "statusBarColor": "",
  "richMessageThemeColor": "",
  "restrictMessageTypingWithBots": false,
  "enableFaqOption": [
    true,
    false
  ],
  "sentMessageCornerRadii": [
    10,
    10,
    10,
    10
  ],
  "receivedMessageCornerRadii": [
    10,
    10,
    10,
    10
  ],
  "fontModel": {
    "messageTextFont": "",
    "messageDisplayNameFont": "",
    "createdAtTimeFont": "",
    "toolbarTitleFont": "",
    "toolbarSubtitleFont": "",
    "messageEditTextFont": ""
  },
  "filterGallery": {
    "ALL_FILES": true,
    "IMAGE_VIDEO": false,
    "IMAGE_ONLY": false,
    "AUDIO_ONLY": false,
    "VIDEO_ONLY": false
  },
  "attachmentOptions": {
    ":location": true,
    ":camera": true,
    ":file": true,
    ":audio": true
  },
  "editTextHintText": "Type your message...",
  "replyMessageLayoutSentMessageBackground": "#C0C0C0",
  "replyMessageLayoutReceivedMessageBackground": "#F5F5F5",
  "groupInfoScreenVisible": true,
  "forwardOption": false,
  "disableGlobalStoragePermission": true,
  "messageTemplate": {
    "isEnabled": false,
    "borderColor": "#5c5aa7",
    "backgroundColor": "#FFFFFF",
    "hideOnSend": false,
    "sendMessageOnClick": true,
    "cornerRadius": 30,
    "textColor": "#5c5aa7",
    "messageList": {
      "Greetings": "Hey",
      "Help?": "How may I help you?",
      "Email-Id": "May I know your emailId",
      "Company": "May I know your company name?",
      "Platform?": "Is this related to Android, iOS, or web?",
      "Doc?": "Did you follow our doc?"
    }
  },
  "textToSpeech": {
    "enabled": false,
    "languageCode": "en-US"
  },
  "speechToText": {
    "enabled": false,
    "sendMessageOnSpeechEnd": true,
    "languageCode": "en-US"
  },
  "hidePostCTA": {
    "submit": false,
    "link": false,
    "quickReply": false
  },
  "receiverNameTextColor": "#5C6677",
  "innerTimestampDesign": false,
  "oneTimeRating": true
}
